{"cameraMode":{"drawMode":0,"name":"Shaded","section":"Shading Mode"},"sceneLighting":false,"audioPlay":false,"sceneViewState":{"showFog":true,"showMaterialUpdate":false,"showSkybox":true,"showFlares":true,"showImageEffects":true,"showParticleSystems":true},"in2DMode":false,"pivot":{"x":-3.1201748847961427,"y":0.6075820922851563,"z":0.6644172668457031},"rotation":{"x":-0.11682656407356262,"y":0.875510573387146,"z":-0.2639448642730713,"w":-0.3875172436237335},"size":8.878002166748047,"orthographic":false}